Date,Match,Competition,Duration,Team,Scheme,Goals,xG,Shots,ShotsOnTarget,ShotsOnTarget_pct,Passes,PassesAccurate,PassAccuracy_pct,Possession_pct,Losses,Losses_Low,Losses_Medium,Losses_High,Recoveries,Recoveries_Low,Recoveries_Medium,Recoveries_High,Duels,DuelsWon,DuelsWon_pct,ShotsOutsideBox,ShotsOutsideBox_OnTarget,ShotsOutsideBox_OnTarget_pct,PositionalAttacks,PositionalAttacks_withShots,PositionalAttacks_withShots_pct,Counterattacks,Counterattacks_withShots,Counterattacks_withShots_pct,SetPieces,SetPieces_withShots,SetPieces_withShots_pct,Corners,Corners_withShots,Corners_withShots_pct,FreeKicks,FreeKicks_withShots,FreeKicks_withShots_pct,Penalties,Penalties_Converted,Penalties_Converted_pct,Crosses,CrossesAccurate,CrossesAccurate_pct,DeepCompletedCrosses,DeepCompletedPasses,PenaltyAreaEntries,PenaltyAreaEntries_Runs,PenaltyAreaEntries_Crosses,TouchesInPenaltyArea,OffensiveDuels,OffensiveDuelsWon,OffensiveDuelsWon_pct,Offsides,ConcededGoals,ShotsAgainst,ShotsAgainstOnTarget,ShotsAgainstOnTarget_pct,DefensiveDuels,DefensiveDuelsWon,DefensiveDuelsWon_pct,AerialDuels,AerialDuelsWon,AerialDuelsWon_pct,SlidingTackles,SlidingTacklesSuccessful,SlidingTacklesSuccessful_pct,Interceptions,Clearances,Fouls,YellowCards,RedCards,ForwardPasses,ForwardPassesAccurate,ForwardPassesAccurate_pct,BackPasses,BackPassesAccurate,BackPassesAccurate_pct,LateralPasses,LateralPassesAccurate,LateralPassesAccurate_pct,LongPasses,LongPassesAccurate,LongPassesAccurate_pct,PassesToFinalThird,PassesToFinalThirdAccurate,PassesToFinalThirdAccurate_pct,ProgressivePasses,ProgressivePassesAccurate,ProgressivePassesAccurate_pct,SmartPasses,SmartPassesAccurate,SmartPassesAccurate_pct,ThrowIns,ThrowInsAccurate,ThrowInsAccurate_pct,GoalKicks,MatchTempo,AvgPassesPerPossession,LongPass_pct,AvgShotDistance,AvgPassLength,PPDA,Result,GoalsFor,GoalsAgainst,HomeAway,Opponent,Season,xG_diff
2022-11-13,Georgetown Hoyas - Creighton Bluejays 0:3,United States. NCAA D1 Big East,103.0,Creighton Bluejays,3-4-3 (100.0%),3.0,1.9,15.0,8.0,53.33,449.0,362.0,80.62,46.48,136.0,29.0,52.0,55.0,104.0,50.0,40.0,14.0,221.0,107.0,48.42,5.0,1.0,20.0,33.0,11.0,33.33,0.0,0.0,0.0,27.0,3.0,11.11,3.0,1.0,33.33,1.0,0.0,0.0,0.0,0.0,0.0,7.0,1.0,14.29,1.0,9.0,20.0,6.0,5.0,20.0,65.0,24.0,36.92,1.0,0.0,12.0,3.0,25.0,87.0,49.0,56.32,49.0,28.0,57.14,6.0,1.0,16.67,59.0,24.0,18.0,3.0,0.0,184.0,131.0,71.2,62.0,60.0,96.77,141.0,120.0,85.11,69.0,37.0,53.62,57.0,35.0,61.4,77.0,55.0,71.43,8.0,5.0,62.5,23.0,17.0,73.91,10.0,17.28,3.48,15.37,21.21,19.75,7.63,Win,3,0,Away,Georgetown Hoyas,2022,1.1
2022-11-10,Seton Hall Pirates - Creighton Bluejays 0:6,United States. NCAA D1 Big East,110.0,Creighton Bluejays,3-4-3 (100.0%),6.0,2.81,8.0,7.0,87.5,546.0,468.0,85.71,57.9,142.0,35.0,53.0,54.0,94.0,50.0,35.0,9.0,251.0,113.0,45.02,0.0,0.0,0.0,24.0,4.0,16.67,0.0,0.0,0.0,30.0,3.0,10.0,7.0,3.0,42.86,2.0,0.0,0.0,1.0,1.0,100.0,11.0,8.0,72.73,8.0,5.0,25.0,4.0,7.0,18.0,73.0,30.0,41.1,1.0,0.0,14.0,1.0,7.14,82.0,42.0,51.22,57.0,27.0,47.37,0.0,0.0,0.0,50.0,27.0,19.0,3.0,0.0,167.0,122.0,73.05,77.0,72.0,93.51,241.0,224.0,92.95,53.0,25.0,47.17,53.0,33.0,62.26,90.0,65.0,72.22,3.0,2.0,66.67,22.0,14.0,63.64,8.0,16.62,4.59,9.71,9.02,20.39,8.28,Win,6,0,Away,Seton Hall Pirates,2022,3.19
2022-11-06,Xavier Musketeers - Creighton Bluejays 1:2,United States. NCAA D1 Big East,101.0,Creighton Bluejays,3-4-2-1 (100.0%),2.0,0.98,5.0,2.0,40.0,392.0,297.0,75.77,47.98,127.0,19.0,56.0,52.0,101.0,60.0,30.0,11.0,251.0,127.0,50.6,2.0,0.0,0.0,23.0,2.0,8.7,0.0,0.0,0.0,25.0,2.0,8.0,1.0,1.0,100.0,0.0,0.0,0.0,1.0,1.0,100.0,7.0,5.0,71.43,4.0,1.0,13.0,0.0,5.0,7.0,59.0,25.0,42.37,0.0,1.0,11.0,6.0,54.55,95.0,61.0,64.21,68.0,31.0,45.59,4.0,0.0,0.0,36.0,17.0,11.0,2.0,0.0,152.0,94.0,61.84,50.0,44.0,88.0,141.0,125.0,88.65,70.0,35.0,50.0,54.0,23.0,42.59,76.0,47.0,61.84,2.0,1.0,50.0,24.0,17.0,70.83,7.0,15.22,3.27,17.86,19.28,22.59,13.81,Win,2,1,Away,Xavier Musketeers,2022,1.02
2022-11-03,Providence Friars - Creighton Bluejays 4:2,United States. NCAA D1 Big East,108.0,Creighton Bluejays,3-4-3 (61.77%),2.0,1.81,12.0,7.0,58.33,615.0,532.0,86.5,60.75,119.0,15.0,40.0,64.0,110.0,45.0,44.0,21.0,233.0,112.0,48.07,5.0,4.0,80.0,44.0,6.0,13.64,0.0,0.0,0.0,24.0,3.0,12.5,4.0,2.0,50.0,3.0,1.0,33.33,1.0,1.0,100.0,19.0,6.0,31.58,6.0,16.0,38.0,11.0,10.0,27.0,91.0,33.0,36.26,1.0,4.0,9.0,6.0,66.67,70.0,49.0,70.0,47.0,20.0,42.55,4.0,0.0,0.0,49.0,37.0,7.0,2.0,1.0,185.0,138.0,74.59,91.0,90.0,98.9,265.0,239.0,90.19,47.0,23.0,48.94,69.0,44.0,63.77,83.0,68.0,81.93,12.0,4.0,33.33,32.0,28.0,87.5,4.0,17.33,4.42,7.64,17.24,19.37,9.52,Loss,2,4,Away,Providence Friars,2022,0.18999999999999995
2022-10-30,Creighton Bluejays - DePaul Blue Demons 3:0,United States. NCAA D1 Big East,97.0,Creighton Bluejays,3-4-1-2 (100.0%),3.0,3.37,21.0,9.0,42.86,678.0,574.0,84.66,60.76,130.0,15.0,52.0,63.0,108.0,33.0,49.0,26.0,184.0,98.0,53.26,8.0,1.0,12.5,45.0,13.0,28.89,6.0,3.0,50.0,22.0,5.0,22.73,6.0,3.0,50.0,0.0,0.0,0.0,0.0,0.0,0.0,16.0,6.0,37.5,5.0,24.0,42.0,11.0,6.0,47.0,69.0,22.0,31.88,2.0,0.0,3.0,0.0,0.0,79.0,57.0,72.15,25.0,14.0,56.0,6.0,3.0,50.0,46.0,10.0,11.0,1.0,0.0,217.0,159.0,73.27,110.0,102.0,92.73,272.0,252.0,92.65,51.0,32.0,62.75,73.0,56.0,76.71,97.0,68.0,70.1,8.0,4.0,50.0,18.0,15.0,83.33,10.0,18.17,5.95,7.52,17.56,18.4,7.12,Win,3,0,Home,DePaul Blue Demons,2022,-0.3700000000000001
2022-10-23,Marquette Golden Eagles - Creighton Bluejays 2:2,United States. NCAA D1 Big East,102.0,Creighton Bluejays,3-4-2-1 (100.0%),2.0,2.32,14.0,7.0,50.0,458.0,355.0,77.51,60.91,151.0,26.0,57.0,68.0,105.0,38.0,50.0,17.0,263.0,131.0,49.81,5.0,0.0,0.0,43.0,10.0,23.26,1.0,0.0,0.0,43.0,3.0,6.98,12.0,2.0,16.67,2.0,0.0,0.0,1.0,1.0,100.0,17.0,5.0,29.41,4.0,15.0,39.0,13.0,8.0,41.0,75.0,29.0,38.67,4.0,2.0,20.0,6.0,30.0,84.0,51.0,60.71,62.0,36.0,58.06,9.0,8.0,88.89,50.0,21.0,12.0,3.0,0.0,178.0,123.0,69.1,52.0,45.0,86.54,158.0,136.0,86.08,54.0,30.0,55.56,61.0,38.0,62.3,93.0,69.0,74.19,5.0,2.0,40.0,37.0,34.0,91.89,14.0,16.05,2.81,11.79,15.31,19.18,5.81,Draw,2,2,Away,Marquette Golden Eagles,2022,-0.31999999999999984
2022-10-20,Creighton Bluejays - Butler Bulldogs 4:2,United States. NCAA D1 Big East,103.0,Creighton Bluejays,3-4-3 (100.0%),4.0,1.25,10.0,5.0,50.0,521.0,423.0,81.19,53.17,134.0,21.0,47.0,66.0,109.0,44.0,41.0,24.0,246.0,132.0,53.66,2.0,2.0,100.0,41.0,8.0,19.51,2.0,1.0,50.0,30.0,1.0,3.33,7.0,0.0,0.0,0.0,0.0,0.0,0.0,0.0,0.0,26.0,7.0,26.92,8.0,22.0,41.0,7.0,10.0,41.0,95.0,43.0,45.26,6.0,2.0,9.0,5.0,55.56,90.0,63.0,70.0,43.0,23.0,53.49,7.0,2.0,28.57,40.0,18.0,15.0,3.0,0.0,202.0,155.0,76.73,83.0,80.0,96.39,172.0,148.0,86.05,65.0,35.0,53.85,77.0,59.0,76.62,105.0,77.0,73.33,7.0,2.0,28.57,24.0,19.0,79.17,6.0,17.76,4.07,12.48,18.91,21.82,8.59,Win,4,2,Home,Butler Bulldogs,2022,2.75
2022-10-15,Seton Hall Pirates - Creighton Bluejays 1:1,United States. NCAA D1 Big East,106.0,Creighton Bluejays,3-4-2-1 (100.0%),1.0,1.09,11.0,4.0,36.36,506.0,413.0,81.62,60.64,127.0,29.0,50.0,48.0,96.0,42.0,48.0,6.0,225.0,119.0,52.89,8.0,2.0,25.0,28.0,6.0,21.43,0.0,0.0,0.0,24.0,5.0,20.83,3.0,1.0,33.33,2.0,1.0,50.0,0.0,0.0,0.0,9.0,2.0,22.22,1.0,3.0,16.0,3.0,4.0,12.0,80.0,32.0,40.0,3.0,1.0,14.0,3.0,21.43,69.0,53.0,76.81,51.0,24.0,47.06,4.0,3.0,75.0,33.0,27.0,18.0,3.0,0.0,171.0,117.0,68.42,61.0,56.0,91.8,213.0,191.0,89.67,50.0,22.0,44.0,63.0,42.0,66.67,90.0,56.0,62.22,0.0,0.0,0.0,26.0,23.0,88.46,4.0,16.56,4.11,9.88,20.95,19.34,10.57,Draw,1,1,Away,Seton Hall Pirates,2022,-0.09000000000000008
2022-10-13,Xavier Musketeers - Creighton Bluejays 3:1,United States. NCAA D1 Big East,100.0,Creighton Bluejays,3-4-2-1 (100.0%),1.0,3.25,23.0,10.0,43.48,533.0,440.0,82.55,58.67,142.0,17.0,56.0,69.0,136.0,54.0,51.0,31.0,289.0,144.0,49.83,11.0,5.0,45.45,54.0,13.0,24.07,0.0,0.0,0.0,33.0,8.0,24.24,11.0,3.0,27.27,3.0,1.0,33.33,1.0,1.0,100.0,22.0,7.0,31.82,6.0,16.0,33.0,5.0,7.0,37.0,118.0,51.0,43.22,3.0,3.0,6.0,4.0,66.67,80.0,50.0,62.5,51.0,27.0,52.94,3.0,2.0,66.67,31.0,11.0,8.0,2.0,0.0,188.0,138.0,73.4,69.0,68.0,98.55,196.0,179.0,91.33,60.0,33.0,55.0,77.0,48.0,62.34,88.0,70.0,79.55,6.0,1.0,16.67,29.0,26.0,89.66,4.0,16.15,3.53,11.26,19.3,20.08,8.68,Loss,1,3,Away,Xavier Musketeers,2022,-2.25
2022-10-09,Creighton Bluejays - St John's Red Storm 1:1,United States. NCAA D1 Big East,104.0,Creighton Bluejays,3-4-2-1 (100.0%),1.0,1.37,15.0,4.0,26.67,614.0,505.0,82.25,64.76,139.0,17.0,49.0,73.0,115.0,53.0,35.0,27.0,276.0,123.0,44.57,7.0,1.0,14.29,37.0,12.0,32.43,0.0,0.0,0.0,36.0,2.0,5.56,6.0,1.0,16.67,1.0,0.0,0.0,1.0,1.0,100.0,18.0,5.0,27.78,5.0,13.0,35.0,13.0,11.0,27.0,106.0,39.0,36.79,3.0,1.0,9.0,4.0,44.44,63.0,38.0,60.32,41.0,19.0,46.34,5.0,2.0,40.0,34.0,12.0,14.0,4.0,0.0,216.0,163.0,75.46,83.0,75.0,90.36,214.0,185.0,86.45,62.0,35.0,56.45,87.0,60.0,68.97,109.0,86.0,78.9,8.0,3.0,37.5,26.0,23.0,88.46,4.0,17.28,4.29,10.1,20.61,19.36,7.11,Draw,1,1,Home,St John's Red Storm,2022,-0.3700000000000001
2022-10-02,Creighton Bluejays - Villanova Wildcats 3:1,United States. NCAA D1 Big East,100.0,Creighton Bluejays,4-3-3 (100.0%),3.0,3.28,22.0,7.0,31.82,591.0,509.0,86.13,59.3,110.0,20.0,38.0,52.0,95.0,36.0,40.0,19.0,250.0,124.0,49.6,5.0,2.0,40.0,43.0,15.0,34.88,1.0,0.0,0.0,24.0,6.0,25.0,7.0,4.0,57.14,1.0,0.0,0.0,1.0,1.0,100.0,27.0,12.0,44.44,9.0,28.0,55.0,23.0,8.0,60.0,107.0,45.0,42.06,2.0,1.0,13.0,5.0,38.46,86.0,54.0,62.79,34.0,15.0,44.12,3.0,2.0,66.67,50.0,12.0,9.0,0.0,0.0,193.0,168.0,87.05,92.0,80.0,86.96,217.0,188.0,86.64,50.0,33.0,66.0,75.0,61.0,81.33,105.0,82.0,78.1,11.0,9.0,81.82,21.0,20.0,95.24,7.0,17.89,5.14,8.46,15.55,19.21,7.33,Win,3,1,Home,Villanova Wildcats,2022,-0.2799999999999998
2022-09-24,Georgetown Hoyas - Creighton Bluejays 2:1,United States. NCAA D1 Big East,99.0,Creighton Bluejays,5-4-1 (96.14%),1.0,3.82,29.0,8.0,27.59,579.0,490.0,84.63,63.17,131.0,20.0,42.0,69.0,114.0,42.0,47.0,25.0,259.0,131.0,50.58,14.0,3.0,21.43,50.0,20.0,40.0,0.0,0.0,0.0,26.0,6.0,23.08,4.0,2.0,50.0,2.0,0.0,0.0,2.0,1.0,50.0,17.0,12.0,70.59,11.0,19.0,39.0,10.0,9.0,36.0,104.0,44.0,42.31,0.0,2.0,21.0,9.0,42.86,93.0,59.0,63.44,31.0,17.0,54.84,12.0,8.0,66.67,55.0,17.0,12.0,2.0,0.0,201.0,149.0,74.13,81.0,74.0,91.36,221.0,205.0,92.76,62.0,33.0,53.23,85.0,64.0,75.29,119.0,97.0,81.51,0.0,0.0,0.0,21.0,20.0,95.24,8.0,18.28,4.23,10.71,18.3,19.46,4.95,Loss,1,2,Away,Georgetown Hoyas,2022,-2.82
2022-09-19,Creighton Bluejays - UCONN Huskies 1:1,United States. NCAA D1 Big East,107.0,Creighton Bluejays,3-4-3 (100.0%),1.0,1.38,14.0,3.0,21.43,549.0,471.0,85.79,60.18,127.0,11.0,42.0,74.0,99.0,41.0,45.0,13.0,239.0,124.0,51.88,7.0,2.0,28.57,33.0,9.0,27.27,1.0,0.0,0.0,37.0,3.0,8.11,7.0,1.0,14.29,3.0,1.0,33.33,0.0,0.0,0.0,11.0,4.0,36.36,4.0,6.0,30.0,9.0,8.0,18.0,93.0,41.0,44.09,1.0,1.0,9.0,3.0,33.33,83.0,51.0,61.45,25.0,15.0,60.0,6.0,2.0,33.33,34.0,4.0,21.0,4.0,0.0,207.0,158.0,76.33,77.0,76.0,98.7,177.0,154.0,87.01,53.0,33.0,62.26,79.0,58.0,73.42,78.0,65.0,83.33,3.0,1.0,33.33,21.0,19.0,90.48,9.0,16.96,4.5,9.65,18.19,18.84,6.81,Draw,1,1,Home,UCONN Huskies,2022,-0.3799999999999999
2022-09-15,Omaha Mavericks - Creighton Bluejays 1:6,United States. NCAA D1 Non-conference matches,103.0,Creighton Bluejays,5-4-1 (100.0%),6.0,2.12,20.0,11.0,55.0,675.0,593.0,87.85,64.77,97.0,6.0,40.0,51.0,94.0,28.0,51.0,15.0,213.0,114.0,53.52,8.0,4.0,50.0,42.0,13.0,30.95,2.0,1.0,50.0,36.0,6.0,16.67,9.0,3.0,33.33,1.0,0.0,0.0,0.0,0.0,0.0,17.0,6.0,35.29,6.0,12.0,38.0,13.0,6.0,37.0,92.0,35.0,38.04,0.0,1.0,6.0,4.0,66.67,85.0,57.0,67.06,19.0,13.0,68.42,2.0,2.0,100.0,24.0,2.0,19.0,3.0,0.0,211.0,174.0,82.46,92.0,85.0,92.39,294.0,275.0,93.54,44.0,27.0,61.36,89.0,66.0,74.16,102.0,92.0,90.2,14.0,8.0,57.14,18.0,16.0,88.89,2.0,17.98,5.53,6.52,17.49,18.2,6.95,Win,6,1,Away,Omaha Mavericks,2022,3.88
2022-09-10,Creighton Bluejays - Stanford Cardinal 1:1,United States. NCAA D1 Non-conference matches,96.0,Creighton Bluejays,5-4-1 (100.0%),1.0,2.3,11.0,4.0,36.36,534.0,423.0,79.21,64.15,148.0,20.0,51.0,77.0,111.0,42.0,42.0,27.0,237.0,120.0,50.63,4.0,2.0,50.0,43.0,8.0,18.6,0.0,0.0,0.0,32.0,3.0,9.38,8.0,3.0,37.5,1.0,0.0,0.0,0.0,0.0,0.0,18.0,4.0,22.22,6.0,12.0,34.0,8.0,10.0,27.0,87.0,46.0,52.87,2.0,1.0,14.0,6.0,42.86,50.0,29.0,58.0,43.0,20.0,46.51,12.0,7.0,58.33,48.0,14.0,13.0,0.0,0.0,174.0,120.0,68.97,61.0,56.0,91.8,206.0,177.0,85.92,52.0,27.0,51.92,73.0,51.0,69.86,80.0,56.0,70.0,11.0,2.0,18.18,30.0,26.0,86.67,11.0,16.17,4.17,9.74,15.64,19.17,6.76,Draw,1,1,Home,Stanford Cardinal,2022,-1.2999999999999998
2022-09-06,Creighton Bluejays - San Diego State Aztecs 2:2,United States. NCAA D1 Non-conference matches,103.0,Creighton Bluejays,5-4-1 (100.0%),2.0,2.67,19.0,8.0,42.11,696.0,607.0,87.21,71.36,120.0,18.0,30.0,72.0,104.0,40.0,48.0,16.0,222.0,108.0,48.65,5.0,2.0,40.0,47.0,14.0,29.79,2.0,0.0,0.0,31.0,4.0,12.9,10.0,1.0,10.0,3.0,1.0,33.33,0.0,0.0,0.0,20.0,6.0,30.0,6.0,14.0,41.0,11.0,11.0,38.0,91.0,44.0,48.35,4.0,2.0,8.0,3.0,37.5,60.0,36.0,60.0,37.0,14.0,37.84,10.0,5.0,50.0,23.0,9.0,10.0,4.0,0.0,211.0,167.0,79.15,97.0,92.0,94.85,280.0,259.0,92.5,38.0,20.0,52.63,94.0,72.0,76.6,92.0,81.0,88.04,11.0,2.0,18.18,18.0,16.0,88.89,3.0,16.97,5.66,5.46,15.89,18.69,5.14,Draw,2,2,Home,San Diego State Aztecs,2022,-0.6699999999999999
2022-09-03,Creighton Bluejays - Saint Louis Billikens 2:3,United States. NCAA D1 Non-conference matches,112.0,Creighton Bluejays,5-4-1 (100.0%),2.0,2.26,25.0,10.0,40.0,587.0,494.0,84.16,67.72,129.0,8.0,45.0,76.0,101.0,41.0,42.0,18.0,253.0,138.0,54.55,10.0,4.0,40.0,36.0,17.0,47.22,0.0,0.0,0.0,46.0,7.0,15.22,11.0,4.0,36.36,3.0,0.0,0.0,0.0,0.0,0.0,12.0,5.0,41.67,7.0,14.0,39.0,8.0,9.0,39.0,92.0,45.0,48.91,2.0,3.0,9.0,4.0,44.44,57.0,38.0,66.67,63.0,38.0,60.32,10.0,6.0,60.0,20.0,7.0,13.0,3.0,0.0,177.0,135.0,76.27,79.0,74.0,93.67,250.0,222.0,88.8,61.0,34.0,55.74,81.0,55.0,67.9,90.0,73.0,81.11,2.0,1.0,50.0,19.0,18.0,94.74,6.0,17.29,4.41,10.39,18.82,19.6,6.85,Loss,2,3,Home,Saint Louis Billikens,2022,-0.2599999999999998
2022-08-29,Creighton Bluejays - Rutgers Scarlet Knights 6:1,United States. NCAA D1 Non-conference matches,110.0,Creighton Bluejays,4-3-3 (100.0%),6.0,3.25,22.0,12.0,54.55,427.0,351.0,82.2,58.61,112.0,10.0,32.0,70.0,94.0,37.0,34.0,23.0,227.0,103.0,45.37,7.0,3.0,42.86,52.0,11.0,21.15,0.0,0.0,0.0,32.0,9.0,28.13,12.0,3.0,25.0,4.0,1.0,25.0,0.0,0.0,0.0,13.0,7.0,53.85,4.0,14.0,38.0,12.0,10.0,32.0,99.0,32.0,32.32,3.0,1.0,9.0,5.0,55.56,58.0,44.0,75.86,38.0,16.0,42.11,9.0,6.0,66.67,19.0,5.0,14.0,2.0,0.0,159.0,119.0,74.84,49.0,46.0,93.88,162.0,139.0,85.8,42.0,26.0,61.9,71.0,49.0,69.01,97.0,80.0,82.47,3.0,2.0,66.67,33.0,25.0,75.76,5.0,14.37,3.21,9.84,16.74,20.59,7.05,Win,6,1,Home,Rutgers Scarlet Knights,2022,2.75
2022-08-26,Creighton Bluejays - Oakland Golden Grizzlies 6:0,United States. NCAA D1 Non-conference matches,107.0,Creighton Bluejays,3-4-3 (100.0%),6.0,5.83,30.0,15.0,50.0,544.0,461.0,84.74,54.49,112.0,9.0,33.0,70.0,112.0,31.0,56.0,25.0,209.0,109.0,52.15,10.0,4.0,40.0,59.0,23.0,38.98,0.0,0.0,0.0,22.0,5.0,22.73,6.0,2.0,33.33,3.0,0.0,0.0,1.0,1.0,100.0,23.0,8.0,34.78,6.0,20.0,50.0,14.0,11.0,53.0,83.0,43.0,51.81,5.0,0.0,3.0,2.0,66.67,55.0,33.0,60.0,30.0,15.0,50.0,7.0,3.0,42.86,35.0,12.0,13.0,3.0,0.0,191.0,158.0,82.72,87.0,80.0,91.95,170.0,140.0,82.35,51.0,34.0,66.67,69.0,53.0,76.81,92.0,81.0,88.04,9.0,5.0,55.56,18.0,18.0,100.0,2.0,17.95,4.32,9.38,16.0,17.44,8.41,Win,6,0,Home,Oakland Golden Grizzlies,2022,0.16999999999999993
2023-11-04,Providence Friars - Creighton Bluejays 3:0,United States. NCAA D1 Big East,93.0,Creighton Bluejays,3-4-1-2 (100.0%),0.0,2.09,14.0,3.0,21.43,377.0,297.0,78.78,54.47,111.0,17.0,38.0,56.0,96.0,30.0,49.0,17.0,234.0,118.0,50.43,1.0,1.0,100.0,29.0,7.0,24.14,1.0,1.0,100.0,34.0,6.0,17.65,9.0,3.0,33.33,2.0,0.0,0.0,0.0,0.0,0.0,15.0,6.0,40.0,5.0,11.0,28.0,5.0,8.0,30.0,90.0,41.0,45.56,2.0,2.0,8.0,3.0,37.5,67.0,38.0,56.72,48.0,25.0,52.08,5.0,2.0,40.0,25.0,3.0,12.0,1.0,0.0,121.0,81.0,66.94,48.0,43.0,89.58,161.0,143.0,88.82,55.0,32.0,58.18,57.0,37.0,64.91,66.0,48.0,72.73,5.0,1.0,20.0,26.0,21.0,80.77,7.0,13.59,3.28,14.59,13.61,21.71,9.32,Loss,0,3,Away,Providence Friars,2023,-2.09
2023-10-28,St John's Red Storm - Creighton Bluejays 2:2,United States. NCAA D1 Big East,104.0,Creighton Bluejays,3-4-1-2 (100.0%),2.0,2.66,12.0,6.0,50.0,531.0,433.0,81.54,60.1,139.0,31.0,44.0,64.0,93.0,50.0,26.0,17.0,239.0,121.0,50.63,0.0,0.0,0.0,38.0,9.0,23.68,1.0,1.0,100.0,23.0,2.0,8.7,2.0,0.0,0.0,1.0,1.0,100.0,0.0,0.0,0.0,18.0,4.0,22.22,4.0,9.0,29.0,8.0,4.0,32.0,79.0,30.0,37.97,1.0,2.0,19.0,6.0,31.58,88.0,60.0,68.18,45.0,22.0,48.89,10.0,6.0,60.0,44.0,27.0,9.0,4.0,0.0,195.0,132.0,67.69,74.0,68.0,91.89,202.0,184.0,91.09,74.0,39.0,52.7,68.0,39.0,57.35,97.0,72.0,74.23,4.0,3.0,75.0,29.0,28.0,96.55,11.0,16.17,3.99,13.94,11.53,19.99,9.26,Draw,2,2,Away,St John's Red Storm,2023,-0.6600000000000001
2023-10-21,Creighton Bluejays - UCONN Huskies 0:2,United States. NCAA D1 Big East,104.0,Creighton Bluejays,3-4-1-2 (44.17%),0.0,2.13,22.0,5.0,22.73,549.0,475.0,86.52,62.15,112.0,9.0,29.0,74.0,101.0,36.0,38.0,27.0,259.0,133.0,51.35,8.0,2.0,25.0,45.0,14.0,31.11,1.0,0.0,0.0,36.0,6.0,16.67,7.0,3.0,42.86,4.0,0.0,0.0,0.0,0.0,0.0,25.0,6.0,24.0,5.0,19.0,52.0,19.0,13.0,40.0,101.0,52.0,51.49,3.0,2.0,10.0,5.0,50.0,95.0,55.0,57.89,27.0,11.0,40.74,6.0,3.0,50.0,34.0,13.0,16.0,2.0,0.0,179.0,146.0,81.56,75.0,72.0,96.0,220.0,201.0,91.36,38.0,25.0,65.79,83.0,72.0,86.75,87.0,69.0,79.31,7.0,2.0,28.57,33.0,29.0,87.88,4.0,16.16,4.26,6.92,19.01,20.16,5.02,Loss,0,2,Home,UCONN Huskies,2023,-2.13
2023-10-19,Creighton Bluejays - Akron Zips 3:2,United States. NCAA D1 Big East,106.0,Creighton Bluejays,3-4-3 (100.0%),3.0,1.13,9.0,4.0,44.44,306.0,235.0,76.8,46.75,95.0,17.0,27.0,51.0,75.0,28.0,33.0,14.0,194.0,103.0,53.09,3.0,1.0,33.33,32.0,5.0,15.63,3.0,0.0,0.0,29.0,4.0,13.79,6.0,1.0,16.67,2.0,1.0,50.0,0.0,0.0,0.0,15.0,5.0,33.33,6.0,7.0,29.0,4.0,9.0,14.0,49.0,23.0,46.94,5.0,2.0,19.0,8.0,42.11,83.0,51.0,61.45,34.0,12.0,35.29,9.0,4.0,44.44,43.0,27.0,18.0,2.0,0.0,99.0,65.0,65.66,51.0,47.0,92.16,117.0,90.0,76.92,53.0,23.0,43.4,57.0,34.0,59.65,57.0,41.0,71.93,8.0,4.0,50.0,20.0,17.0,85.0,7.0,14.54,2.78,17.32,16.14,22.41,7.42,Win,3,2,Home,Akron Zips,2023,1.87
2023-10-14,Seton Hall Pirates - Creighton Bluejays 2:1,United States. NCAA D1 Big East,98.0,Creighton Bluejays,3-4-3 (100.0%),1.0,0.98,9.0,3.0,33.33,545.0,438.0,80.37,62.72,127.0,14.0,31.0,82.0,97.0,35.0,41.0,21.0,240.0,119.0,49.58,3.0,0.0,0.0,41.0,4.0,9.76,0.0,0.0,0.0,21.0,4.0,19.05,2.0,1.0,50.0,3.0,0.0,0.0,0.0,0.0,0.0,19.0,6.0,31.58,6.0,6.0,27.0,5.0,10.0,28.0,104.0,46.0,44.23,2.0,2.0,12.0,7.0,58.33,73.0,43.0,58.9,42.0,20.0,47.62,5.0,2.0,40.0,41.0,10.0,13.0,1.0,0.0,179.0,115.0,64.25,76.0,70.0,92.11,223.0,198.0,88.79,58.0,32.0,55.17,86.0,54.0,62.79,84.0,58.0,69.05,6.0,1.0,16.67,36.0,32.0,88.89,8.0,17.38,4.33,10.64,18.02,18.76,7.24,Loss,1,2,Away,Seton Hall Pirates,2023,0.020000000000000018
2023-10-08,Butler Bulldogs - Creighton Bluejays 2:2,United States. NCAA D1 Big East,95.0,Creighton Bluejays,3-4-3 (90.59%),2.0,1.58,14.0,8.0,57.14,429.0,322.0,75.06,53.26,152.0,35.0,58.0,59.0,106.0,38.0,54.0,14.0,291.0,139.0,47.77,4.0,0.0,0.0,27.0,10.0,37.04,0.0,0.0,0.0,35.0,3.0,8.57,4.0,1.0,25.0,3.0,0.0,0.0,0.0,0.0,0.0,19.0,9.0,47.37,7.0,9.0,28.0,7.0,9.0,25.0,104.0,41.0,39.42,3.0,2.0,10.0,4.0,40.0,107.0,67.0,62.62,40.0,17.0,42.5,4.0,4.0,100.0,59.0,20.0,15.0,0.0,0.0,140.0,75.0,53.57,76.0,71.0,93.42,145.0,126.0,86.9,69.0,25.0,36.23,65.0,28.0,43.08,64.0,37.0,57.81,12.0,4.0,33.33,23.0,21.0,91.3,10.0,15.97,3.33,16.08,15.35,19.92,5.28,Draw,2,2,Away,Butler Bulldogs,2023,0.41999999999999993
2023-10-04,Creighton Bluejays - Omaha Mavericks 2:2,United States. NCAA D1 Non-conference matches,105.0,Creighton Bluejays,3-4-3 (53.29%),2.0,1.84,18.0,4.0,22.22,373.0,307.0,82.31,51.29,101.0,14.0,36.0,51.0,78.0,32.0,34.0,12.0,174.0,72.0,41.38,5.0,1.0,20.0,30.0,10.0,33.33,1.0,1.0,100.0,40.0,7.0,17.5,13.0,6.0,46.15,3.0,0.0,0.0,0.0,0.0,0.0,14.0,4.0,28.57,5.0,2.0,22.0,6.0,9.0,21.0,64.0,28.0,43.75,1.0,2.0,17.0,9.0,52.94,54.0,22.0,40.74,38.0,19.0,50.0,2.0,0.0,0.0,34.0,8.0,15.0,4.0,1.0,126.0,91.0,72.22,50.0,48.0,96.0,161.0,142.0,88.2,47.0,26.0,55.32,59.0,44.0,74.58,74.0,56.0,75.68,1.0,1.0,100.0,20.0,19.0,95.0,8.0,14.62,3.24,12.6,17.5,21.56,10.64,Draw,2,2,Home,Omaha Mavericks,2023,0.15999999999999992
2023-09-30,Creighton Bluejays - Xavier Musketeers 0:1,United States. NCAA D1 Big East,104.0,Creighton Bluejays,3-4-3 (100.0%),0.0,0.73,7.0,1.0,14.29,452.0,359.0,79.42,60.08,132.0,14.0,48.0,70.0,104.0,39.0,50.0,15.0,280.0,130.0,46.43,3.0,1.0,33.33,27.0,1.0,3.7,3.0,0.0,0.0,44.0,6.0,13.64,9.0,1.0,11.11,6.0,3.0,50.0,0.0,0.0,0.0,18.0,3.0,16.67,4.0,6.0,28.0,4.0,9.0,21.0,83.0,35.0,42.17,3.0,1.0,9.0,5.0,55.56,86.0,46.0,53.49,64.0,32.0,50.0,6.0,3.0,50.0,24.0,12.0,17.0,2.0,0.0,176.0,122.0,69.32,70.0,67.0,95.71,154.0,133.0,86.36,59.0,31.0,52.54,65.0,38.0,58.46,68.0,52.0,76.47,6.0,1.0,16.67,28.0,26.0,92.86,4.0,14.88,3.4,13.05,14.99,21.45,7.12,Loss,0,1,Home,Xavier Musketeers,2023,-0.73
2023-09-23,DePaul Blue Demons - Creighton Bluejays 1:2,United States. NCAA D1 Big East,105.0,Creighton Bluejays,3-4-3 (100.0%),2.0,3.0,33.0,8.0,24.24,557.0,479.0,86.0,67.14,113.0,20.0,30.0,63.0,92.0,32.0,40.0,20.0,205.0,93.0,45.37,11.0,1.0,9.09,35.0,15.0,42.86,2.0,1.0,50.0,37.0,16.0,43.24,10.0,7.0,70.0,3.0,2.0,66.67,0.0,0.0,0.0,20.0,13.0,65.0,10.0,19.0,47.0,21.0,6.0,63.0,87.0,31.0,35.63,2.0,1.0,8.0,3.0,37.5,58.0,25.0,43.1,34.0,24.0,70.59,1.0,0.0,0.0,38.0,16.0,20.0,4.0,0.0,177.0,133.0,75.14,72.0,65.0,90.28,242.0,227.0,93.8,56.0,32.0,57.14,80.0,57.0,71.25,80.0,67.0,83.75,1.0,0.0,0.0,19.0,19.0,100.0,9.0,16.25,4.64,10.05,17.4,19.0,6.13,Win,2,1,Away,DePaul Blue Demons,2023,-1.0
2023-09-20,Tulsa Hurricane - Creighton Bluejays 0:0,United States. NCAA D1 Non-conference matches,98.0,Creighton Bluejays,3-4-3 (100.0%),0.0,1.03,10.0,3.0,30.0,293.0,219.0,74.74,38.11,91.0,18.0,28.0,45.0,78.0,28.0,31.0,19.0,192.0,99.0,51.56,3.0,0.0,0.0,25.0,5.0,20.0,1.0,1.0,100.0,35.0,3.0,8.57,7.0,3.0,42.86,1.0,0.0,0.0,0.0,0.0,0.0,14.0,2.0,14.29,3.0,4.0,20.0,7.0,6.0,20.0,64.0,34.0,53.13,0.0,0.0,15.0,5.0,33.33,87.0,50.0,57.47,16.0,6.0,37.5,14.0,10.0,71.43,44.0,27.0,14.0,2.0,0.0,111.0,68.0,61.26,37.0,35.0,94.59,100.0,83.0,83.0,43.0,17.0,39.53,50.0,27.0,54.0,44.0,29.0,65.91,0.0,0.0,0.0,15.0,15.0,100.0,11.0,14.62,2.71,14.68,19.02,20.06,13.52,Draw,0,0,Away,Tulsa Hurricane,2023,-1.03
2023-09-16,Creighton Bluejays - Marquette Golden Eagles 2:1,United States. NCAA D1 Big East,106.0,Creighton Bluejays,4-4-2 (46.26%),2.0,2.71,17.0,9.0,52.94,376.0,282.0,75.0,56.83,125.0,14.0,42.0,69.0,102.0,42.0,47.0,13.0,223.0,115.0,51.57,6.0,3.0,50.0,43.0,10.0,23.26,1.0,1.0,100.0,31.0,5.0,16.13,7.0,2.0,28.57,2.0,1.0,50.0,0.0,0.0,0.0,17.0,2.0,11.76,4.0,7.0,36.0,13.0,10.0,23.0,85.0,37.0,43.53,8.0,1.0,6.0,6.0,100.0,77.0,48.0,62.34,30.0,17.0,56.67,5.0,4.0,80.0,34.0,20.0,21.0,6.0,0.0,149.0,93.0,62.42,41.0,39.0,95.12,135.0,107.0,79.26,57.0,24.0,42.11,71.0,41.0,57.75,84.0,53.0,63.1,4.0,3.0,75.0,27.0,23.0,85.19,2.0,13.52,2.61,15.16,18.16,22.29,6.17,Win,2,1,Home,Marquette Golden Eagles,2023,-0.71
2023-09-13,UMKC Kangaroos - Creighton Bluejays 2:1,United States. NCAA D1 Non-conference matches,107.0,Creighton Bluejays,3-4-3 (100.0%),1.0,1.13,13.0,1.0,7.69,455.0,371.0,81.54,54.94,98.0,8.0,36.0,54.0,74.0,30.0,26.0,18.0,212.0,108.0,50.94,5.0,0.0,0.0,36.0,8.0,22.22,0.0,0.0,0.0,38.0,4.0,10.53,7.0,2.0,28.57,3.0,0.0,0.0,0.0,0.0,0.0,18.0,5.0,27.78,4.0,13.0,33.0,9.0,7.0,32.0,87.0,43.0,49.43,3.0,2.0,11.0,5.0,45.45,78.0,49.0,62.82,18.0,9.0,50.0,1.0,0.0,0.0,31.0,11.0,16.0,3.0,0.0,171.0,119.0,69.59,66.0,63.0,95.45,159.0,142.0,89.31,55.0,30.0,54.55,65.0,39.0,60.0,69.0,51.0,73.91,2.0,2.0,100.0,22.0,22.0,100.0,5.0,15.68,3.67,12.09,17.76,20.11,9.13,Loss,1,2,Away,UMKC Kangaroos,2023,-0.1299999999999999
2023-09-09,Creighton Bluejays - Michigan Wolverines 3:1,United States. NCAA D1 Non-conference matches,107.0,Creighton Bluejays,3-4-3 (82.36%),3.0,1.74,15.0,8.0,53.33,425.0,345.0,81.18,49.54,115.0,25.0,41.0,49.0,98.0,40.0,41.0,17.0,239.0,104.0,43.51,4.0,2.0,50.0,35.0,13.0,37.14,2.0,0.0,0.0,17.0,2.0,11.76,3.0,0.0,0.0,0.0,0.0,0.0,0.0,0.0,0.0,17.0,9.0,52.94,7.0,14.0,32.0,9.0,9.0,29.0,76.0,23.0,30.26,0.0,1.0,12.0,4.0,33.33,95.0,47.0,49.47,33.0,16.0,48.48,9.0,5.0,55.56,62.0,31.0,20.0,5.0,0.0,140.0,99.0,70.71,68.0,64.0,94.12,152.0,131.0,86.18,59.0,33.0,55.93,52.0,37.0,71.15,73.0,54.0,73.97,5.0,0.0,0.0,22.0,19.0,86.36,9.0,14.75,3.54,13.88,22.92,20.02,7.0,Win,3,1,Home,Michigan Wolverines,2023,1.26
2023-09-05,Denver Pioneers - Creighton Bluejays 2:2,United States. NCAA D1 Non-conference matches,95.0,Creighton Bluejays,3-4-3 (100.0%),2.0,0.86,9.0,4.0,44.44,562.0,495.0,88.08,61.94,86.0,10.0,24.0,52.0,77.0,28.0,23.0,26.0,196.0,89.0,45.41,3.0,2.0,66.67,39.0,4.0,10.26,0.0,0.0,0.0,28.0,4.0,14.29,8.0,3.0,37.5,1.0,0.0,0.0,0.0,0.0,0.0,26.0,12.0,46.15,13.0,9.0,37.0,8.0,16.0,20.0,69.0,24.0,34.78,2.0,2.0,14.0,6.0,42.86,46.0,27.0,58.7,41.0,19.0,46.34,6.0,3.0,50.0,25.0,15.0,8.0,1.0,0.0,164.0,131.0,79.88,68.0,65.0,95.59,248.0,226.0,91.13,42.0,18.0,42.86,82.0,63.0,76.83,74.0,63.0,85.14,8.0,3.0,37.5,24.0,24.0,100.0,8.0,15.84,5.46,7.47,15.34,19.3,9.67,Draw,2,2,Away,Denver Pioneers,2023,1.1400000000000001
2023-09-02,Creighton Bluejays - Grand Canyon Lopes 1:2,United States. NCAA D1 Non-conference matches,109.0,Creighton Bluejays,3-4-3 (100.0%),1.0,2.01,16.0,5.0,31.25,479.0,386.0,80.58,57.07,121.0,13.0,42.0,66.0,99.0,29.0,51.0,19.0,239.0,131.0,54.81,2.0,1.0,50.0,38.0,12.0,31.58,0.0,0.0,0.0,43.0,4.0,9.3,14.0,3.0,21.43,3.0,0.0,0.0,0.0,0.0,0.0,20.0,6.0,30.0,5.0,11.0,39.0,12.0,10.0,32.0,89.0,44.0,49.44,1.0,2.0,11.0,7.0,63.64,82.0,52.0,63.41,32.0,16.0,50.0,6.0,2.0,33.33,45.0,9.0,10.0,3.0,0.0,170.0,122.0,71.76,66.0,61.0,92.42,198.0,178.0,89.9,47.0,29.0,61.7,64.0,45.0,70.31,90.0,70.0,77.78,7.0,4.0,57.14,20.0,20.0,100.0,5.0,16.3,3.71,9.81,15.05,21.89,6.02,Loss,1,2,Home,Grand Canyon Lopes,2023,-1.0099999999999998
2023-08-28,UC Irvine Anteaters - Creighton Bluejays 0:0,United States. NCAA D1 Non-conference matches,105.0,Creighton Bluejays,3-4-3 (100.0%),0.0,0.58,6.0,2.0,33.33,503.0,423.0,84.1,61.25,95.0,21.0,29.0,45.0,78.0,24.0,29.0,25.0,210.0,102.0,48.57,2.0,1.0,50.0,24.0,3.0,12.5,0.0,0.0,0.0,31.0,2.0,6.45,3.0,0.0,0.0,1.0,0.0,0.0,0.0,0.0,0.0,13.0,3.0,23.08,5.0,5.0,25.0,4.0,8.0,14.0,87.0,40.0,45.98,1.0,0.0,12.0,6.0,50.0,66.0,37.0,56.06,20.0,13.0,65.0,6.0,2.0,33.33,35.0,14.0,16.0,3.0,0.0,151.0,112.0,74.17,79.0,75.0,94.94,194.0,174.0,89.69,32.0,13.0,40.63,58.0,43.0,74.14,67.0,44.0,65.67,7.0,2.0,28.57,24.0,21.0,87.5,9.0,15.85,4.75,6.36,19.78,18.09,5.98,Draw,0,0,Away,UC Irvine Anteaters,2023,-0.58
2023-08-25,Stanford Cardinal - Creighton Bluejays 3:1,United States. NCAA D1 Non-conference matches,113.0,Creighton Bluejays,3-4-3 (100.0%),1.0,0.91,7.0,4.0,57.14,372.0,275.0,73.92,52.88,144.0,36.0,52.0,56.0,103.0,49.0,43.0,11.0,287.0,142.0,49.48,2.0,2.0,100.0,23.0,2.0,8.7,0.0,0.0,0.0,38.0,5.0,13.16,8.0,4.0,50.0,1.0,0.0,0.0,0.0,0.0,0.0,12.0,4.0,33.33,3.0,3.0,19.0,5.0,6.0,13.0,85.0,36.0,42.35,1.0,3.0,18.0,8.0,44.44,89.0,44.0,49.44,68.0,40.0,58.82,4.0,2.0,50.0,39.0,7.0,14.0,4.0,0.0,141.0,80.0,56.74,46.0,41.0,89.13,143.0,121.0,84.62,65.0,30.0,46.15,52.0,24.0,46.15,75.0,41.0,54.67,1.0,0.0,0.0,27.0,25.0,92.59,10.0,14.36,2.84,17.47,14.88,21.3,9.8,Loss,1,3,Away,Stanford Cardinal,2023,0.08999999999999997
2024-11-09,Georgetown Hoyas - Creighton Bluejays 1:0,United States. NCAA D1 Big East,103.0,Creighton Bluejays,3-4-3 (96.21%),0.0,0.63,6.0,1.0,16.67,457.0,344.0,75.27,56.27,172.0,25.0,56.0,91.0,111.0,38.0,56.0,17.0,312.0,135.0,43.27,1.0,0.0,0.0,45.0,4.0,8.89,1.0,0.0,0.0,33.0,2.0,6.06,6.0,2.0,33.33,1.0,0.0,0.0,0.0,0.0,0.0,17.0,4.0,23.53,4.0,12.0,31.0,5.0,9.0,23.0,99.0,28.0,28.28,2.0,1.0,10.0,5.0,50.0,107.0,65.0,60.75,64.0,23.0,35.94,4.0,3.0,75.0,44.0,17.0,16.0,3.0,1.0,178.0,116.0,65.17,60.0,52.0,86.67,153.0,121.0,79.08,68.0,30.0,44.12,88.0,51.0,57.95,90.0,64.0,71.11,2.0,1.0,50.0,41.0,32.0,78.05,10.0,16.27,3.15,14.88,14.65,19.65,6.63,Loss,0,1,Away,Georgetown Hoyas,2024,-0.63
2024-11-02,Marquette Golden Eagles - Creighton Bluejays 2:5,United States. NCAA D1 Big East,106.0,Creighton Bluejays,3-4-3 (100.0%),5.0,2.16,15.0,8.0,53.33,366.0,272.0,74.32,43.2,152.0,36.0,49.0,67.0,102.0,31.0,55.0,16.0,222.0,111.0,50.0,4.0,2.0,50.0,32.0,9.0,28.13,0.0,0.0,0.0,31.0,5.0,16.13,8.0,3.0,37.5,0.0,0.0,0.0,1.0,0.0,0.0,11.0,5.0,45.45,5.0,12.0,31.0,6.0,5.0,28.0,76.0,26.0,34.21,2.0,2.0,19.0,7.0,36.84,86.0,56.0,65.12,45.0,26.0,57.78,6.0,2.0,33.33,67.0,24.0,20.0,3.0,0.0,150.0,95.0,63.33,61.0,56.0,91.8,99.0,84.0,84.85,49.0,22.0,44.9,65.0,40.0,61.54,88.0,63.0,71.59,8.0,7.0,87.5,23.0,15.0,65.22,13.0,16.0,2.86,13.39,14.87,20.84,6.68,Win,5,2,Away,Marquette Golden Eagles,2024,2.84
2024-10-26,Creighton Bluejays - Butler Bulldogs 6:1,United States. NCAA D1 Big East,117.0,Creighton Bluejays,3-4-3 (100.0%),6.0,3.26,12.0,8.0,66.67,496.0,394.0,79.44,47.06,154.0,31.0,59.0,64.0,120.0,68.0,36.0,16.0,266.0,145.0,54.51,1.0,1.0,100.0,31.0,11.0,35.48,0.0,0.0,0.0,27.0,1.0,3.7,7.0,2.0,28.57,1.0,0.0,0.0,0.0,0.0,0.0,13.0,8.0,61.54,8.0,12.0,27.0,8.0,6.0,27.0,55.0,17.0,30.91,2.0,1.0,10.0,5.0,50.0,123.0,85.0,69.11,43.0,24.0,55.81,7.0,6.0,85.71,48.0,11.0,20.0,2.0,0.0,194.0,139.0,71.65,65.0,62.0,95.38,162.0,139.0,85.8,58.0,25.0,43.1,66.0,41.0,62.12,117.0,72.0,61.54,1.0,1.0,100.0,20.0,16.0,80.0,8.0,18.47,3.88,11.69,10.27,19.36,7.87,Win,6,1,Home,Butler Bulldogs,2024,2.74
2024-10-24,Akron Zips - Creighton Bluejays 3:0,United States. NCAA D1 Big East,109.0,Creighton Bluejays,3-4-3 (100.0%),0.0,0.78,4.0,4.0,100.0,388.0,273.0,70.36,41.17,162.0,26.0,64.0,72.0,94.0,36.0,44.0,14.0,182.0,88.0,48.35,2.0,2.0,100.0,25.0,3.0,12.0,0.0,0.0,0.0,28.0,1.0,3.57,2.0,0.0,0.0,1.0,0.0,0.0,0.0,0.0,0.0,9.0,2.0,22.22,2.0,2.0,12.0,1.0,4.0,7.0,61.0,19.0,31.15,1.0,3.0,15.0,3.0,20.0,72.0,45.0,62.5,34.0,18.0,52.94,11.0,8.0,72.73,48.0,16.0,21.0,3.0,0.0,168.0,97.0,57.74,46.0,39.0,84.78,118.0,96.0,81.36,60.0,23.0,38.33,72.0,39.0,54.17,88.0,52.0,59.09,2.0,1.0,50.0,29.0,22.0,75.86,15.0,16.71,3.21,15.46,15.61,19.89,10.41,Loss,0,3,Away,Akron Zips,2024,-0.78
2024-10-19,Creighton Bluejays - Villanova Wildcats 3:1,United States. NCAA D1 Big East,112.0,Creighton Bluejays,3-4-3 (100.0%),3.0,1.5,17.0,8.0,47.06,485.0,400.0,82.47,50.5,128.0,12.0,36.0,80.0,88.0,34.0,34.0,20.0,194.0,107.0,55.15,7.0,3.0,42.86,42.0,10.0,23.81,0.0,0.0,0.0,34.0,4.0,11.76,8.0,1.0,12.5,4.0,0.0,0.0,0.0,0.0,0.0,11.0,4.0,36.36,4.0,20.0,39.0,9.0,6.0,35.0,75.0,37.0,49.33,2.0,1.0,10.0,3.0,30.0,69.0,48.0,69.57,33.0,16.0,48.48,4.0,1.0,25.0,36.0,15.0,11.0,2.0,0.0,174.0,122.0,70.11,66.0,62.0,93.94,203.0,184.0,90.64,52.0,31.0,59.62,77.0,57.0,74.03,105.0,88.0,83.81,1.0,0.0,0.0,25.0,24.0,96.0,5.0,16.9,3.94,10.72,18.84,19.98,8.28,Win,3,1,Home,Villanova Wildcats,2024,1.5
2024-10-13,Xavier Musketeers - Creighton Bluejays 0:1,United States. NCAA D1 Big East,113.0,Creighton Bluejays,3-4-3 (100.0%),1.0,1.34,9.0,3.0,33.33,335.0,245.0,73.13,44.37,125.0,17.0,40.0,68.0,100.0,47.0,33.0,20.0,248.0,129.0,52.02,5.0,1.0,20.0,30.0,6.0,20.0,0.0,0.0,0.0,32.0,1.0,3.13,3.0,0.0,0.0,4.0,0.0,0.0,0.0,0.0,0.0,8.0,2.0,25.0,1.0,8.0,21.0,3.0,1.0,8.0,66.0,17.0,25.76,2.0,0.0,6.0,2.0,33.33,82.0,55.0,67.07,62.0,39.0,62.9,2.0,2.0,100.0,40.0,15.0,17.0,3.0,0.0,137.0,81.0,59.12,37.0,36.0,97.3,108.0,92.0,85.19,58.0,29.0,50.0,67.0,33.0,49.25,65.0,46.0,70.77,1.0,1.0,100.0,20.0,16.0,80.0,6.0,14.28,2.77,17.31,23.73,22.74,9.44,Win,1,0,Away,Xavier Musketeers,2024,-0.3400000000000001
2024-10-10,Omaha Mavericks - Creighton Bluejays 1:2,United States. NCAA D1 Non-conference matches,113.0,Creighton Bluejays,3-4-3 (100.0%),2.0,1.36,16.0,6.0,37.5,394.0,291.0,73.86,49.43,146.0,18.0,67.0,61.0,118.0,43.0,52.0,23.0,256.0,131.0,51.17,5.0,3.0,60.0,46.0,12.0,26.09,0.0,0.0,0.0,30.0,4.0,13.33,5.0,4.0,80.0,2.0,0.0,0.0,0.0,0.0,0.0,9.0,2.0,22.22,3.0,16.0,27.0,3.0,4.0,31.0,84.0,38.0,45.24,1.0,1.0,17.0,6.0,35.29,89.0,53.0,59.55,51.0,27.0,52.94,3.0,1.0,33.33,40.0,16.0,22.0,4.0,0.0,168.0,107.0,63.69,57.0,51.0,89.47,126.0,103.0,81.75,57.0,19.0,33.33,59.0,37.0,62.71,83.0,57.0,68.67,1.0,1.0,100.0,20.0,17.0,85.0,8.0,16.01,2.92,14.47,19.65,21.0,6.36,Win,2,1,Away,Omaha Mavericks,2024,0.6399999999999999
2024-10-05,Creighton Bluejays - DePaul Blue Demons 0:2,United States. NCAA D1 Big East,107.0,Creighton Bluejays,3-4-3 (100.0%),0.0,3.12,21.0,7.0,33.33,660.0,537.0,81.36,68.65,171.0,11.0,51.0,109.0,133.0,33.0,69.0,31.0,239.0,118.0,49.37,4.0,1.0,25.0,58.0,15.0,25.86,0.0,0.0,0.0,28.0,6.0,21.43,14.0,4.0,28.57,1.0,0.0,0.0,0.0,0.0,0.0,42.0,16.0,38.1,16.0,20.0,76.0,15.0,26.0,56.0,86.0,40.0,46.51,1.0,2.0,4.0,3.0,75.0,58.0,31.0,53.45,70.0,35.0,50.0,1.0,0.0,0.0,35.0,1.0,19.0,4.0,0.0,231.0,164.0,71.0,104.0,97.0,93.27,229.0,195.0,85.15,51.0,26.0,50.98,117.0,84.0,71.79,125.0,111.0,88.8,4.0,1.0,25.0,27.0,24.0,88.89,4.0,17.46,5.37,7.73,14.03,18.68,5.23,Loss,0,2,Home,DePaul Blue Demons,2024,-3.12
2024-10-02,Creighton Bluejays - Missouri State Bears 0:1,United States. NCAA D1 Non-conference matches,102.0,Creighton Bluejays,3-4-3 (100.0%),0.0,0.28,7.0,3.0,42.86,436.0,351.0,80.5,56.59,111.0,20.0,35.0,56.0,75.0,35.0,33.0,7.0,173.0,84.0,48.55,4.0,1.0,25.0,25.0,4.0,16.0,2.0,2.0,100.0,23.0,1.0,4.35,5.0,1.0,20.0,0.0,0.0,0.0,0.0,0.0,0.0,15.0,4.0,26.67,4.0,7.0,30.0,2.0,10.0,8.0,58.0,18.0,31.03,2.0,1.0,12.0,4.0,33.33,57.0,37.0,64.91,34.0,17.0,50.0,3.0,1.0,33.33,38.0,15.0,14.0,1.0,0.0,165.0,112.0,67.88,92.0,88.0,95.65,134.0,115.0,85.82,54.0,23.0,42.59,83.0,58.0,69.88,94.0,66.0,70.21,0.0,0.0,0.0,25.0,18.0,72.0,10.0,13.86,4.36,12.39,22.87,23.43,9.3,Loss,0,1,Home,Missouri State Bears,2024,-0.28
2024-09-29,Providence Friars - Creighton Bluejays 2:2,United States. NCAA D1 Big East,112.0,Creighton Bluejays,5-3-2 (100.0%),2.0,1.46,12.0,3.0,25.0,304.0,210.0,69.08,40.86,156.0,37.0,63.0,56.0,112.0,51.0,49.0,12.0,326.0,153.0,46.93,2.0,1.0,50.0,31.0,8.0,25.81,0.0,0.0,0.0,24.0,4.0,16.67,5.0,3.0,60.0,2.0,0.0,0.0,0.0,0.0,0.0,6.0,2.0,33.33,1.0,13.0,19.0,1.0,0.0,22.0,96.0,25.0,26.04,1.0,2.0,13.0,6.0,46.15,131.0,88.0,67.18,67.0,31.0,46.27,3.0,2.0,66.67,81.0,50.0,21.0,3.0,0.0,142.0,79.0,55.63,44.0,41.0,93.18,70.0,55.0,78.57,47.0,20.0,42.55,55.0,27.0,49.09,78.0,46.0,58.97,1.0,0.0,0.0,21.0,17.0,80.95,8.0,14.64,2.32,15.46,15.3,20.79,5.68,Draw,2,2,Away,Providence Friars,2024,0.54
2024-09-21,Creighton Bluejays - Georgetown Hoyas 0:1,United States. NCAA D1 Big East,99.0,Creighton Bluejays,5-4-1 (100.0%),0.0,1.92,17.0,6.0,35.29,646.0,546.0,84.52,65.02,148.0,20.0,45.0,83.0,122.0,46.0,55.0,21.0,283.0,139.0,49.12,5.0,0.0,0.0,36.0,11.0,30.56,1.0,0.0,0.0,35.0,5.0,14.29,8.0,3.0,37.5,1.0,0.0,0.0,0.0,0.0,0.0,24.0,6.0,25.0,8.0,15.0,39.0,8.0,13.0,35.0,105.0,44.0,41.9,0.0,1.0,9.0,3.0,33.33,86.0,50.0,58.14,58.0,31.0,53.45,9.0,4.0,44.44,49.0,9.0,12.0,1.0,0.0,225.0,172.0,76.44,70.0,66.0,94.29,251.0,225.0,89.64,58.0,32.0,55.17,98.0,73.0,74.49,112.0,88.0,78.57,4.0,2.0,50.0,25.0,22.0,88.0,5.0,17.68,5.17,8.98,15.38,18.95,4.47,Loss,0,1,Home,Georgetown Hoyas,2024,-1.92
2024-09-14,Creighton Bluejays - Tulsa Hurricane 3:0,United States. NCAA D1 Non-conference matches,102.0,Creighton Bluejays,3-4-3 (100.0%),3.0,1.98,11.0,6.0,54.55,432.0,336.0,77.78,43.66,141.0,21.0,49.0,71.0,116.0,42.0,57.0,17.0,268.0,144.0,53.73,3.0,0.0,0.0,29.0,7.0,24.14,2.0,1.0,50.0,31.0,3.0,9.68,6.0,0.0,0.0,0.0,0.0,0.0,0.0,0.0,0.0,16.0,5.0,31.25,4.0,11.0,32.0,10.0,7.0,26.0,76.0,36.0,47.37,3.0,0.0,11.0,4.0,36.36,113.0,72.0,63.72,51.0,24.0,47.06,5.0,3.0,60.0,40.0,13.0,26.0,3.0,0.0,172.0,119.0,69.19,67.0,60.0,89.55,129.0,107.0,82.95,60.0,30.0,50.0,68.0,38.0,55.88,95.0,67.0,70.53,7.0,3.0,42.86,16.0,14.0,87.5,9.0,17.48,3.6,13.89,15.85,20.64,8.69,Win,3,0,Home,Tulsa Hurricane,2024,1.02
2024-09-10,Grand Canyon Lopes - Creighton Bluejays 0:1,United States. NCAA D1 Non-conference matches,106.0,Creighton Bluejays,3-4-3 (100.0%),1.0,2.63,17.0,6.0,35.29,486.0,385.0,79.22,52.84,139.0,14.0,60.0,65.0,111.0,43.0,41.0,27.0,241.0,123.0,51.04,3.0,0.0,0.0,41.0,10.0,24.39,0.0,0.0,0.0,28.0,6.0,21.43,9.0,3.0,33.33,1.0,0.0,0.0,0.0,0.0,0.0,16.0,8.0,50.0,7.0,8.0,28.0,6.0,10.0,28.0,96.0,38.0,39.58,2.0,0.0,10.0,4.0,40.0,82.0,56.0,68.29,40.0,22.0,55.0,9.0,5.0,55.56,42.0,11.0,11.0,3.0,0.0,189.0,124.0,65.61,77.0,72.0,93.51,176.0,162.0,92.05,52.0,26.0,50.0,77.0,50.0,64.94,88.0,69.0,78.41,1.0,1.0,100.0,27.0,24.0,88.89,7.0,16.73,3.98,10.7,14.37,20.77,7.68,Win,1,0,Away,Grand Canyon Lopes,2024,-1.63
2024-09-07,Creighton Bluejays - Denver Pioneers 1:3,United States. NCAA D1 Non-conference matches,116.0,Creighton Bluejays,4-4-2 (100.0%),1.0,1.95,9.0,5.0,55.56,575.0,488.0,84.87,60.32,128.0,10.0,41.0,77.0,94.0,26.0,48.0,20.0,291.0,133.0,45.7,2.0,2.0,100.0,56.0,6.0,10.71,0.0,0.0,0.0,22.0,2.0,9.09,4.0,1.0,25.0,3.0,2.0,66.67,1.0,1.0,100.0,23.0,4.0,17.39,4.0,6.0,24.0,8.0,5.0,20.0,147.0,47.0,31.97,0.0,3.0,6.0,4.0,66.67,86.0,59.0,68.6,42.0,18.0,42.86,0.0,0.0,0.0,11.0,2.0,23.0,6.0,0.0,187.0,148.0,79.14,89.0,84.0,94.38,233.0,206.0,88.41,51.0,29.0,56.86,90.0,75.0,83.33,90.0,77.0,85.56,0.0,0.0,0.0,31.0,26.0,83.87,5.0,16.19,4.64,8.87,14.0,20.03,8.19,Loss,1,3,Home,Denver Pioneers,2024,-0.95
2024-09-02,Creighton Bluejays - San Francisco Dons 4:2,United States. NCAA D1 Non-conference matches,114.0,Creighton Bluejays,3-4-3 (100.0%),4.0,1.76,11.0,6.0,54.55,453.0,360.0,79.47,60.17,164.0,33.0,61.0,70.0,126.0,60.0,49.0,17.0,345.0,161.0,46.67,4.0,1.0,25.0,30.0,4.0,13.33,0.0,0.0,0.0,41.0,6.0,14.63,10.0,4.0,40.0,2.0,0.0,0.0,1.0,1.0,100.0,17.0,6.0,35.29,2.0,9.0,24.0,6.0,5.0,20.0,117.0,44.0,37.61,2.0,2.0,15.0,5.0,33.33,127.0,73.0,57.48,53.0,23.0,43.4,6.0,5.0,83.33,53.0,22.0,22.0,4.0,0.0,191.0,129.0,67.54,69.0,68.0,98.55,136.0,117.0,86.03,77.0,44.0,57.14,71.0,47.0,66.2,87.0,56.0,64.37,1.0,1.0,100.0,21.0,17.0,80.95,10.0,14.22,3.21,17.0,15.59,20.21,6.2,Win,4,2,Home,San Francisco Dons,2024,2.24
2024-08-30,Creighton Bluejays - Loyola Chicago Ramblers 1:1,United States. NCAA D1 Non-conference matches,106.0,Creighton Bluejays,5-3-2 (100.0%),1.0,2.24,20.0,10.0,50.0,501.0,410.0,81.84,59.32,138.0,13.0,46.0,79.0,101.0,24.0,60.0,17.0,273.0,115.0,42.12,8.0,3.0,37.5,40.0,14.0,35.0,0.0,0.0,0.0,39.0,6.0,15.38,11.0,5.0,45.45,4.0,0.0,0.0,0.0,0.0,0.0,15.0,3.0,20.0,4.0,13.0,37.0,6.0,10.0,29.0,95.0,22.0,23.16,2.0,1.0,8.0,2.0,25.0,84.0,55.0,65.48,61.0,26.0,42.62,8.0,0.0,0.0,37.0,14.0,18.0,1.0,0.0,188.0,139.0,73.94,72.0,67.0,93.06,188.0,165.0,87.77,36.0,22.0,61.11,85.0,63.0,74.12,110.0,90.0,81.82,3.0,3.0,100.0,27.0,20.0,74.07,10.0,17.47,3.77,7.19,17.49,19.54,4.83,Draw,1,1,Home,Loyola Chicago Ramblers,2024,-1.2400000000000002
2024-08-26,Creighton Bluejays - Drake Bulldogs 5:3,United States. NCAA D1 Non-conference matches,125.0,Creighton Bluejays,3-4-3 (100.0%),5.0,4.21,19.0,10.0,52.63,581.0,495.0,85.2,63.21,122.0,7.0,33.0,82.0,103.0,28.0,48.0,27.0,284.0,143.0,50.35,4.0,1.0,25.0,58.0,16.0,27.59,0.0,0.0,0.0,22.0,2.0,9.09,4.0,1.0,25.0,2.0,1.0,50.0,1.0,1.0,100.0,18.0,9.0,50.0,10.0,6.0,40.0,9.0,12.0,31.0,113.0,43.0,38.05,5.0,3.0,11.0,5.0,45.45,81.0,55.0,67.9,52.0,28.0,53.85,4.0,2.0,50.0,37.0,6.0,16.0,0.0,0.0,197.0,145.0,73.6,86.0,83.0,96.51,233.0,214.0,91.85,54.0,32.0,59.26,95.0,72.0,75.79,95.0,79.0,83.16,1.0,0.0,0.0,31.0,30.0,96.77,5.0,17.02,4.47,9.29,12.76,20.09,5.12,Win,5,3,Home,Drake Bulldogs,2024,0.79
2024-08-23,Creighton Bluejays - FAU Owls 0:0,United States. NCAA D1 Non-conference matches,106.0,Creighton Bluejays,3-4-3 (100.0%),0.0,1.71,18.0,3.0,16.67,401.0,322.0,80.3,51.96,130.0,13.0,41.0,76.0,107.0,29.0,59.0,19.0,301.0,139.0,46.18,7.0,1.0,14.29,45.0,11.0,24.44,0.0,0.0,0.0,29.0,7.0,24.14,8.0,3.0,37.5,2.0,4.0,200.0,0.0,0.0,0.0,15.0,7.0,46.67,6.0,9.0,23.0,5.0,7.0,25.0,115.0,30.0,26.09,1.0,0.0,6.0,0.0,0.0,94.0,66.0,70.21,55.0,30.0,54.55,6.0,4.0,66.67,39.0,10.0,12.0,1.0,0.0,141.0,98.0,69.5,57.0,53.0,92.98,156.0,138.0,88.46,46.0,30.0,65.22,65.0,47.0,72.31,85.0,71.0,83.53,1.0,1.0,100.0,25.0,21.0,84.0,6.0,15.34,3.4,11.47,17.79,21.48,5.71,Draw,0,0,Home,FAU Owls,2024,-1.71
2025-11-08,Creighton Bluejays - Akron Zips 0:1,United States. NCAA D1 Big East,105.0,Creighton Bluejays,3-4-2-1 (100.0%),0.0,0.6,7.0,1.0,14.29,408.0,309.0,75.74,54.56,172.0,31.0,57.0,84.0,107.0,44.0,46.0,17.0,266.0,125.0,46.99,2.0,0.0,0.0,35.0,4.0,11.43,1.0,0.0,0.0,31.0,3.0,9.68,7.0,2.0,28.57,3.0,1.0,33.33,0.0,0.0,0.0,15.0,2.0,13.33,4.0,7.0,28.0,5.0,9.0,19.0,99.0,37.0,37.37,2.0,1.0,17.0,6.0,35.29,87.0,53.0,60.92,44.0,24.0,54.55,1.0,0.0,0.0,48.0,19.0,12.0,0.0,0.0,149.0,95.0,63.76,48.0,45.0,93.75,153.0,132.0,86.27,62.0,30.0,48.39,73.0,48.0,65.75,87.0,52.0,59.77,1.0,1.0,100.0,30.0,22.0,73.33,9.0,15.26,3.14,15.2,15.78,19.28,8.03,Loss,0,1,Home,Akron Zips,2025,-0.6
2025-11-01,Creighton Bluejays - Seton Hall Pirates 1:1,United States. NCAA D1 Big East,102.0,Creighton Bluejays,3-4-2-1 (100.0%),1.0,1.1,14.0,3.0,21.43,545.0,448.0,82.2,62.39,139.0,19.0,55.0,65.0,93.0,31.0,44.0,18.0,232.0,111.0,47.84,9.0,1.0,11.11,45.0,7.0,15.56,0.0,0.0,0.0,26.0,6.0,23.08,4.0,1.0,25.0,1.0,1.0,100.0,0.0,0.0,0.0,17.0,1.0,5.88,1.0,7.0,35.0,7.0,9.0,17.0,100.0,39.0,39.0,0.0,1.0,10.0,4.0,40.0,72.0,44.0,61.11,39.0,23.0,58.97,4.0,1.0,25.0,42.0,8.0,10.0,1.0,0.0,184.0,128.0,69.57,78.0,75.0,96.15,186.0,169.0,90.86,44.0,22.0,50.0,66.0,54.0,81.82,85.0,64.0,75.29,5.0,0.0,0.0,28.0,24.0,85.71,4.0,16.07,4.54,8.07,20.75,18.6,7.73,Draw,1,1,Home,Seton Hall Pirates,2025,-0.10000000000000009
2025-10-25,Butler Bulldogs - Creighton Bluejays 1:3,United States. NCAA D1 Big East,105.0,Creighton Bluejays,5-3-2 (100.0%),3.0,2.24,19.0,3.0,15.79,528.0,417.0,78.98,57.6,149.0,22.0,68.0,59.0,100.0,44.0,47.0,9.0,229.0,104.0,45.41,8.0,2.0,25.0,37.0,14.0,37.84,0.0,0.0,0.0,25.0,2.0,8.0,5.0,1.0,20.0,3.0,0.0,0.0,0.0,0.0,0.0,16.0,6.0,37.5,6.0,14.0,34.0,5.0,10.0,32.0,77.0,24.0,31.17,0.0,1.0,14.0,5.0,35.71,85.0,51.0,60.0,45.0,19.0,42.22,4.0,3.0,75.0,39.0,10.0,21.0,3.0,0.0,176.0,109.0,61.93,80.0,77.0,96.25,212.0,189.0,89.15,78.0,37.0,47.44,73.0,46.0,63.01,105.0,60.0,57.14,0.0,0.0,0.0,25.0,24.0,96.0,14.0,16.29,4.47,14.77,19.12,21.01,7.27,Win,3,1,Away,Butler Bulldogs,2025,0.7599999999999998
2025-10-17,Villanova Wildcats - Creighton Bluejays 1:1,United States. NCAA D1 Big East,102.0,Creighton Bluejays,4-2-3-1 (100.0%),1.0,1.33,22.0,8.0,36.36,534.0,454.0,85.02,64.37,125.0,20.0,33.0,72.0,95.0,27.0,45.0,23.0,206.0,97.0,47.09,7.0,3.0,42.86,52.0,17.0,32.69,1.0,1.0,100.0,30.0,2.0,6.67,7.0,3.0,42.86,2.0,0.0,0.0,0.0,0.0,0.0,18.0,8.0,44.44,9.0,20.0,41.0,10.0,10.0,35.0,96.0,35.0,36.46,0.0,1.0,8.0,2.0,25.0,68.0,43.0,63.24,27.0,15.0,55.56,1.0,1.0,100.0,28.0,13.0,14.0,3.0,0.0,180.0,138.0,76.67,97.0,91.0,93.81,166.0,146.0,87.95,32.0,12.0,37.5,85.0,65.0,76.47,88.0,73.0,82.95,0.0,0.0,0.0,31.0,25.0,80.65,9.0,15.7,4.38,5.99,16.46,16.69,6.17,Draw,1,1,Away,Villanova Wildcats,2025,-0.33000000000000007
2025-10-12,Creighton Bluejays - Xavier Musketeers 2:0,United States. NCAA D1 Big East,102.0,Creighton Bluejays,3-4-2-1 (100.0%),2.0,1.72,12.0,6.0,50.0,447.0,349.0,78.08,57.75,138.0,18.0,49.0,71.0,96.0,34.0,42.0,20.0,229.0,117.0,51.09,3.0,0.0,0.0,33.0,9.0,27.27,2.0,1.0,50.0,23.0,2.0,8.7,7.0,1.0,14.29,3.0,0.0,0.0,0.0,0.0,0.0,10.0,2.0,20.0,1.0,9.0,30.0,7.0,3.0,24.0,63.0,17.0,26.98,5.0,0.0,7.0,2.0,28.57,91.0,63.0,69.23,48.0,19.0,39.58,4.0,2.0,50.0,39.0,19.0,14.0,2.0,0.0,150.0,94.0,62.67,67.0,61.0,91.04,177.0,154.0,87.01,52.0,25.0,48.08,59.0,27.0,45.76,67.0,39.0,58.21,4.0,0.0,0.0,28.0,18.0,64.29,9.0,15.35,3.69,11.63,16.07,20.82,4.68,Win,2,0,Home,Xavier Musketeers,2025,0.28
2025-10-09,Creighton Bluejays - Missouri State Bears 1:0,United States. NCAA D1 Non-conference matches,99.0,Creighton Bluejays,3-4-3 (100.0%),1.0,0.64,10.0,4.0,40.0,526.0,443.0,84.22,55.74,127.0,24.0,44.0,59.0,78.0,32.0,35.0,11.0,192.0,92.0,47.92,7.0,1.0,14.29,24.0,8.0,33.33,0.0,0.0,0.0,29.0,2.0,6.9,6.0,1.0,16.67,0.0,0.0,0.0,0.0,0.0,0.0,14.0,5.0,35.71,5.0,10.0,30.0,8.0,10.0,21.0,56.0,18.0,32.14,1.0,0.0,12.0,4.0,33.33,75.0,45.0,60.0,26.0,11.0,42.31,6.0,1.0,16.67,35.0,22.0,15.0,3.0,0.0,170.0,120.0,70.59,79.0,78.0,98.73,213.0,196.0,92.02,62.0,36.0,58.06,70.0,52.0,74.29,85.0,59.0,69.41,1.0,0.0,0.0,24.0,21.0,87.5,8.0,16.85,4.7,11.79,22.87,20.44,6.39,Win,1,0,Home,Missouri State Bears,2025,0.36
2025-10-04,UCONN Huskies - Creighton Bluejays 3:0,United States. NCAA D1 Big East,109.0,Creighton Bluejays,3-4-3 (100.0%),0.0,2.39,18.0,5.0,27.78,398.0,311.0,78.14,50.72,118.0,16.0,35.0,67.0,96.0,31.0,42.0,23.0,290.0,147.0,50.69,5.0,1.0,20.0,46.0,12.0,26.09,0.0,0.0,0.0,37.0,5.0,13.51,12.0,4.0,33.33,2.0,0.0,0.0,0.0,0.0,0.0,16.0,4.0,25.0,3.0,12.0,33.0,11.0,7.0,34.0,104.0,40.0,38.46,3.0,3.0,17.0,10.0,58.82,109.0,73.0,66.97,46.0,21.0,45.65,4.0,2.0,50.0,42.0,11.0,17.0,1.0,0.0,139.0,95.0,68.35,51.0,46.0,90.2,135.0,113.0,83.7,33.0,14.0,42.42,59.0,42.0,71.19,72.0,57.0,79.17,1.0,0.0,0.0,24.0,18.0,75.0,8.0,15.63,3.11,8.29,17.35,18.62,5.95,Loss,0,3,Away,UCONN Huskies,2025,-2.39
2025-09-27,DePaul Blue Demons - Creighton Bluejays 0:2,United States. NCAA D1 Big East,107.0,Creighton Bluejays,3-4-3 (100.0%),2.0,2.16,19.0,9.0,47.37,304.0,241.0,79.28,50.83,122.0,37.0,48.0,37.0,95.0,48.0,36.0,11.0,250.0,118.0,47.2,7.0,4.0,57.14,33.0,9.0,27.27,1.0,1.0,100.0,33.0,7.0,21.21,7.0,5.0,71.43,3.0,1.0,33.33,1.0,1.0,100.0,9.0,0.0,0.0,1.0,10.0,18.0,4.0,2.0,22.0,79.0,26.0,32.91,0.0,0.0,19.0,5.0,26.32,64.0,41.0,64.06,68.0,35.0,51.47,3.0,2.0,66.67,34.0,40.0,13.0,1.0,0.0,119.0,81.0,68.07,37.0,36.0,97.3,93.0,83.0,89.25,37.0,20.0,54.05,37.0,26.0,70.27,61.0,40.0,65.57,0.0,0.0,0.0,31.0,18.0,58.06,13.0,13.26,2.16,12.17,18.0,19.97,9.13,Win,2,0,Away,DePaul Blue Demons,2025,-0.16000000000000014
2025-09-20,Creighton Bluejays - Marquette Golden Eagles 1:0,United States. NCAA D1 Big East,108.0,Creighton Bluejays,3-4-3 (100.0%),1.0,1.88,13.0,4.0,30.77,350.0,284.0,81.14,49.35,134.0,7.0,49.0,78.0,102.0,32.0,41.0,29.0,245.0,121.0,49.39,7.0,3.0,42.86,32.0,8.0,25.0,0.0,0.0,0.0,32.0,3.0,9.38,6.0,0.0,0.0,4.0,3.0,75.0,0.0,0.0,0.0,16.0,2.0,12.5,1.0,16.0,27.0,7.0,6.0,29.0,83.0,32.0,38.55,1.0,0.0,8.0,1.0,12.5,94.0,59.0,62.77,35.0,20.0,57.14,5.0,4.0,80.0,40.0,9.0,20.0,2.0,0.0,121.0,90.0,74.38,50.0,49.0,98.0,122.0,101.0,82.79,32.0,13.0,40.63,42.0,29.0,69.05,57.0,46.0,80.7,1.0,0.0,0.0,29.0,21.0,72.41,8.0,14.41,3.04,9.14,18.18,19.34,6.52,Win,1,0,Home,Marquette Golden Eagles,2025,-0.8799999999999999
2025-09-14,Creighton Bluejays - Oral Roberts Golden Eagles 3:0,United States. NCAA D1 Non-conference matches,109.0,Creighton Bluejays,3-4-3 (100.0%),3.0,4.29,18.0,8.0,44.44,488.0,403.0,82.58,54.86,140.0,26.0,40.0,74.0,102.0,36.0,36.0,30.0,203.0,106.0,52.22,6.0,2.0,33.33,48.0,12.0,25.0,0.0,0.0,0.0,15.0,4.0,26.67,3.0,2.0,66.67,2.0,0.0,0.0,1.0,1.0,100.0,16.0,2.0,12.5,6.0,13.0,37.0,9.0,8.0,30.0,67.0,21.0,31.34,0.0,0.0,11.0,2.0,18.18,82.0,57.0,69.51,45.0,24.0,53.33,7.0,3.0,42.86,46.0,12.0,13.0,1.0,0.0,164.0,115.0,70.12,60.0,55.0,91.67,196.0,175.0,89.29,38.0,21.0,55.26,71.0,55.0,77.46,90.0,70.0,77.78,0.0,0.0,0.0,26.0,15.0,57.69,6.0,17.01,4.24,7.79,16.27,19.36,5.96,Win,3,0,Home,Oral Roberts Golden Eagles,2025,-1.29
2025-09-11,Creighton Bluejays - Omaha Mavericks 3:2,United States. NCAA D1 Non-conference matches,119.0,Creighton Bluejays,3-4-3 (100.0%),3.0,1.82,15.0,6.0,40.0,372.0,288.0,77.42,52.0,139.0,31.0,45.0,63.0,91.0,41.0,35.0,15.0,259.0,129.0,49.81,7.0,1.0,14.29,37.0,9.0,24.32,2.0,2.0,100.0,30.0,3.0,10.0,5.0,0.0,0.0,3.0,2.0,66.67,0.0,0.0,0.0,4.0,0.0,0.0,0.0,9.0,20.0,6.0,2.0,18.0,84.0,36.0,42.86,1.0,2.0,11.0,5.0,45.45,91.0,53.0,58.24,40.0,19.0,47.5,9.0,3.0,33.33,46.0,27.0,22.0,3.0,0.0,133.0,84.0,63.16,51.0,50.0,98.04,132.0,113.0,85.61,40.0,17.0,42.5,54.0,31.0,57.41,75.0,50.0,66.67,0.0,0.0,0.0,27.0,21.0,77.78,10.0,15.63,2.74,10.75,19.96,20.08,5.39,Win,3,2,Home,Omaha Mavericks,2025,1.18
2025-09-06,Creighton Bluejays - Denver Pioneers 2:0,United States. NCAA D1 Non-conference matches,104.0,Creighton Bluejays,3-4-3 (100.0%),2.0,1.23,13.0,4.0,30.77,362.0,301.0,83.15,40.45,98.0,14.0,26.0,58.0,73.0,20.0,42.0,11.0,209.0,112.0,53.59,4.0,0.0,0.0,34.0,9.0,26.47,0.0,0.0,0.0,23.0,4.0,17.39,5.0,1.0,20.0,1.0,1.0,100.0,0.0,0.0,0.0,11.0,6.0,54.55,5.0,9.0,30.0,5.0,5.0,21.0,52.0,24.0,46.15,0.0,0.0,7.0,5.0,71.43,92.0,65.0,70.65,36.0,15.0,41.67,5.0,3.0,60.0,33.0,17.0,15.0,2.0,0.0,129.0,89.0,68.99,55.0,53.0,96.36,147.0,133.0,90.48,47.0,23.0,48.94,64.0,42.0,65.63,81.0,61.0,75.31,0.0,0.0,0.0,21.0,17.0,80.95,4.0,16.21,3.38,12.98,16.86,21.78,10.38,Win,2,0,Home,Denver Pioneers,2025,0.77
2025-09-02,Creighton Bluejays - Tulsa Hurricane 0:0,United States. NCAA D1 Non-conference matches,109.0,Creighton Bluejays,3-4-3 (100.0%),0.0,1.09,12.0,5.0,41.67,436.0,337.0,77.29,55.27,136.0,10.0,41.0,85.0,102.0,33.0,48.0,21.0,223.0,115.0,51.57,3.0,2.0,66.67,37.0,5.0,13.51,0.0,0.0,0.0,29.0,7.0,24.14,8.0,2.0,25.0,2.0,0.0,0.0,0.0,0.0,0.0,18.0,4.0,22.22,4.0,14.0,38.0,5.0,10.0,25.0,77.0,34.0,44.16,3.0,0.0,10.0,3.0,30.0,84.0,51.0,60.71,37.0,17.0,45.95,3.0,2.0,66.67,24.0,15.0,22.0,3.0,0.0,156.0,109.0,69.87,72.0,63.0,87.5,146.0,117.0,80.14,52.0,31.0,59.62,73.0,48.0,65.75,78.0,65.0,83.33,1.0,0.0,0.0,16.0,14.0,87.5,7.0,15.75,3.57,11.93,17.05,20.46,7.85,Draw,0,0,Home,Tulsa Hurricane,2025,-1.09
2025-08-30,Michigan Wolverines - Creighton Bluejays 3:1,United States. NCAA D1 Non-conference matches,111.0,Creighton Bluejays,3-4-3 (100.0%),1.0,1.14,6.0,2.0,33.33,425.0,347.0,81.65,54.5,146.0,23.0,59.0,64.0,99.0,36.0,49.0,14.0,309.0,147.0,47.57,4.0,0.0,0.0,34.0,3.0,8.82,1.0,0.0,0.0,35.0,2.0,5.71,7.0,1.0,14.29,3.0,0.0,0.0,1.0,1.0,100.0,10.0,3.0,30.0,3.0,4.0,22.0,5.0,6.0,12.0,128.0,51.0,39.84,1.0,3.0,10.0,6.0,60.0,110.0,64.0,58.18,41.0,20.0,48.78,8.0,4.0,50.0,39.0,10.0,19.0,3.0,0.0,153.0,107.0,69.93,72.0,65.0,90.28,154.0,139.0,90.26,57.0,33.0,57.89,66.0,48.0,72.73,88.0,66.0,75.0,2.0,0.0,0.0,36.0,26.0,72.22,7.0,14.87,3.35,13.41,18.48,20.14,4.52,Loss,1,3,Away,Michigan Wolverines,2025,-0.1399999999999999
2025-08-25,FIU Panthers - Creighton Bluejays 1:1,United States. NCAA D1 Non-conference matches,107.0,Creighton Bluejays,3-4-3 (90.46%),1.0,1.26,14.0,5.0,35.71,423.0,327.0,77.3,55.38,119.0,14.0,40.0,65.0,92.0,40.0,41.0,11.0,221.0,125.0,56.56,8.0,2.0,25.0,32.0,10.0,31.25,0.0,0.0,0.0,19.0,3.0,15.79,3.0,1.0,33.33,2.0,0.0,0.0,0.0,0.0,0.0,13.0,4.0,30.77,5.0,8.0,30.0,6.0,9.0,18.0,70.0,30.0,42.86,1.0,1.0,8.0,3.0,37.5,85.0,64.0,75.29,38.0,18.0,47.37,8.0,5.0,62.5,28.0,18.0,15.0,1.0,1.0,157.0,98.0,62.42,52.0,48.0,92.31,159.0,140.0,88.05,54.0,18.0,33.33,68.0,39.0,57.35,77.0,48.0,62.34,0.0,0.0,0.0,29.0,26.0,89.66,4.0,14.99,3.74,12.77,21.1,19.9,5.71,Draw,1,1,Away,FIU Panthers,2025,-0.26
2025-08-22,FAU Owls - Creighton Bluejays 3:0,United States. NCAA D1 Non-conference matches,113.0,Creighton Bluejays,3-4-3 (82.94%),0.0,0.96,16.0,7.0,43.75,457.0,381.0,83.37,53.72,126.0,14.0,43.0,69.0,104.0,50.0,35.0,19.0,248.0,117.0,47.18,11.0,4.0,36.36,43.0,10.0,23.26,0.0,0.0,0.0,26.0,3.0,11.54,4.0,1.0,25.0,4.0,0.0,0.0,0.0,0.0,0.0,13.0,5.0,38.46,5.0,5.0,24.0,5.0,8.0,11.0,97.0,35.0,36.08,0.0,3.0,12.0,4.0,33.33,74.0,49.0,66.22,50.0,21.0,42.0,7.0,4.0,57.14,36.0,13.0,12.0,5.0,1.0,171.0,129.0,75.44,55.0,48.0,87.27,182.0,163.0,89.56,41.0,24.0,58.54,74.0,51.0,68.92,86.0,69.0,80.23,1.0,0.0,0.0,22.0,18.0,81.82,5.0,16.64,3.49,8.97,21.5,19.5,6.84,Loss,0,3,Away,FAU Owls,2025,-0.96
